{"tvmonitor": [{"xywh": [276.5379735043174, 625.3535782663446, 203.82240696957237, 272.44395205849094], "confidence": "52", "center": [378.4491769891036, 761.5755542955901], "w": 203.82240696957237, "x": 276.5379735043174, "y": 625.3535782663446, "coors": [[276.5379735043174, 625.3535782663446], [480.3603804738898, 897.7975303248355]], "h": 272.44395205849094}], "cup": [{"xywh": [571.6201701917146, 198.77284300954722, 328.813332005551, 686.1955923783152], "confidence": "54", "center": [736.0268361944901, 541.8706391987048], "w": 328.813332005551, "x": 571.6201701917146, "y": 198.77284300954722, "coors": [[571.6201701917146, 198.77284300954722], [900.4335021972656, 884.9684353878624]], "h": 686.1955923783152}], "time": "2019-03-14 10:21:07"}