{"person": [{"xywh": [25.92195209703948, 338.2731538069876, 1047.3098915501644, 634.243776421798], "confidence": "78", "center": [549.5768978721217, 655.3950420178866], "w": 1047.3098915501644, "x": 25.92195209703948, "y": 338.2731538069876, "coors": [[25.92195209703948, 338.2731538069876], [1073.2318436472037, 972.5169302287856]], "h": 634.243776421798}], "time": "2019-03-14 10:21:25"}