{"cup": [{"xywh": [569.2812869423315, 204.88424100373925, 329.92246928967927, 675.033880534925], "confidence": "56", "center": [734.242521587171, 542.4011812712017], "w": 329.92246928967927, "x": 569.2812869423315, "y": 204.88424100373925, "coors": [[569.2812869423315, 204.88424100373925], [899.2037562320107, 879.9181215386642]], "h": 675.033880534925}], "time": "2019-03-14 10:20:48"}