{"person": [{"xywh": [896.067496851871, 104.85483470715974, 713.6284597296464, 862.3721514250103], "confidence": "53", "center": [1252.8817267166942, 536.0409104196649], "w": 713.6284597296464, "x": 896.067496851871, "y": 104.85483470715974, "coors": [[896.067496851871, 104.85483470715974], [1609.6959565815173, 967.22698613217]], "h": 862.3721514250103}], "time": "2019-02-21 13:19:45"}